title,price,stock,reviews,minimumOrderQuantity
Essence Mascara Lash Princess,9.99,99,"[{'rating': 3, 'comment': 'Would not recommend!', 'date': '2025-04-30T09:41:02.053Z', 'reviewerName': 'Eleanor Collins', 'reviewerEmail': 'eleanor.collins@x.dummyjson.com'}, {'rating': 4, 'comment': 'Very satisfied!', 'date': '2025-04-30T09:41:02.053Z', 'reviewerName': 'Lucas Gordon', 'reviewerEmail': 'lucas.gordon@x.dummyjson.com'}, {'rating': 5, 'comment': 'Highly impressed!', 'date': '2025-04-30T09:41:02.053Z', 'reviewerName': 'Eleanor Collins', 'reviewerEmail': 'eleanor.collins@x.dummyjson.com'}]",48
Eyeshadow Palette with Mirror,19.99,34,"[{'rating': 5, 'comment': 'Great product!', 'date': '2025-04-30T09:41:02.053Z', 'reviewerName': 'Savannah Gomez', 'reviewerEmail': 'savannah.gomez@x.dummyjson.com'}, {'rating': 4, 'comment': 'Awesome product!', 'date': '2025-04-30T09:41:02.053Z', 'reviewerName': 'Christian Perez', 'reviewerEmail': 'christian.perez@x.dummyjson.com'}, {'rating': 1, 'comment': 'Poor quality!', 'date': '2025-04-30T09:41:02.053Z', 'reviewerName': 'Nicholas Bailey', 'reviewerEmail': 'nicholas.bailey@x.dummyjson.com'}]",20
Powder Canister,14.99,89,"[{'rating': 4, 'comment': 'Would buy again!', 'date': '2025-04-30T09:41:02.053Z', 'reviewerName': 'Alexander Jones', 'reviewerEmail': 'alexander.jones@x.dummyjson.com'}, {'rating': 5, 'comment': 'Highly impressed!', 'date': '2025-04-30T09:41:02.053Z', 'reviewerName': 'Elijah Cruz', 'reviewerEmail': 'elijah.cruz@x.dummyjson.com'}, {'rating': 1, 'comment': 'Very dissatisfied!', 'date': '2025-04-30T09:41:02.053Z', 'reviewerName': 'Avery Perez', 'reviewerEmail': 'avery.perez@x.dummyjson.com'}]",22
Red Lipstick,12.99,91,"[{'rating': 4, 'comment': 'Great product!', 'date': '2025-04-30T09:41:02.053Z', 'reviewerName': 'Liam Garcia', 'reviewerEmail': 'liam.garcia@x.dummyjson.com'}, {'rating': 5, 'comment': 'Great product!', 'date': '2025-04-30T09:41:02.053Z', 'reviewerName': 'Ruby Andrews', 'reviewerEmail': 'ruby.andrews@x.dummyjson.com'}, {'rating': 5, 'comment': 'Would buy again!', 'date': '2025-04-30T09:41:02.053Z', 'reviewerName': 'Clara Berry', 'reviewerEmail': 'clara.berry@x.dummyjson.com'}]",40
Red Nail Polish,8.99,79,"[{'rating': 2, 'comment': 'Poor quality!', 'date': '2025-04-30T09:41:02.053Z', 'reviewerName': 'Benjamin Wilson', 'reviewerEmail': 'benjamin.wilson@x.dummyjson.com'}, {'rating': 5, 'comment': 'Great product!', 'date': '2025-04-30T09:41:02.053Z', 'reviewerName': 'Liam Smith', 'reviewerEmail': 'liam.smith@x.dummyjson.com'}, {'rating': 1, 'comment': 'Very unhappy with my purchase!', 'date': '2025-04-30T09:41:02.053Z', 'reviewerName': 'Clara Berry', 'reviewerEmail': 'clara.berry@x.dummyjson.com'}]",22
Calvin Klein CK One,49.99,29,"[{'rating': 2, 'comment': 'Very disappointed!', 'date': '2025-04-30T09:41:02.053Z', 'reviewerName': 'Layla Young', 'reviewerEmail': 'layla.young@x.dummyjson.com'}, {'rating': 4, 'comment': 'Fast shipping!', 'date': '2025-04-30T09:41:02.053Z', 'reviewerName': 'Daniel Cook', 'reviewerEmail': 'daniel.cook@x.dummyjson.com'}, {'rating': 3, 'comment': 'Not as described!', 'date': '2025-04-30T09:41:02.053Z', 'reviewerName': 'Jacob Cooper', 'reviewerEmail': 'jacob.cooper@x.dummyjson.com'}]",9
Chanel Coco Noir Eau De,129.99,58,"[{'rating': 4, 'comment': 'Highly impressed!', 'date': '2025-04-30T09:41:02.053Z', 'reviewerName': 'Ruby Andrews', 'reviewerEmail': 'ruby.andrews@x.dummyjson.com'}, {'rating': 5, 'comment': 'Awesome product!', 'date': '2025-04-30T09:41:02.053Z', 'reviewerName': 'Leah Henderson', 'reviewerEmail': 'leah.henderson@x.dummyjson.com'}, {'rating': 5, 'comment': 'Very happy with my purchase!', 'date': '2025-04-30T09:41:02.053Z', 'reviewerName': 'Xavier Wright', 'reviewerEmail': 'xavier.wright@x.dummyjson.com'}]",1
Dior J'adore,89.99,98,"[{'rating': 5, 'comment': 'Great value for money!', 'date': '2025-04-30T09:41:02.053Z', 'reviewerName': 'Nicholas Bailey', 'reviewerEmail': 'nicholas.bailey@x.dummyjson.com'}, {'rating': 4, 'comment': 'Great value for money!', 'date': '2025-04-30T09:41:02.053Z', 'reviewerName': 'Penelope Harper', 'reviewerEmail': 'penelope.harper@x.dummyjson.com'}, {'rating': 4, 'comment': 'Great product!', 'date': '2025-04-30T09:41:02.053Z', 'reviewerName': 'Emma Miller', 'reviewerEmail': 'emma.miller@x.dummyjson.com'}]",10
Dolce Shine Eau de,69.99,4,"[{'rating': 4, 'comment': 'Would buy again!', 'date': '2025-04-30T09:41:02.053Z', 'reviewerName': 'Mateo Bennett', 'reviewerEmail': 'mateo.bennett@x.dummyjson.com'}, {'rating': 4, 'comment': 'Highly recommended!', 'date': '2025-04-30T09:41:02.053Z', 'reviewerName': 'Nolan Gonzalez', 'reviewerEmail': 'nolan.gonzalez@x.dummyjson.com'}, {'rating': 5, 'comment': 'Very happy with my purchase!', 'date': '2025-04-30T09:41:02.053Z', 'reviewerName': 'Aurora Lawson', 'reviewerEmail': 'aurora.lawson@x.dummyjson.com'}]",2
Gucci Bloom Eau de,79.99,91,"[{'rating': 1, 'comment': 'Very dissatisfied!', 'date': '2025-04-30T09:41:02.053Z', 'reviewerName': 'Cameron Perez', 'reviewerEmail': 'cameron.perez@x.dummyjson.com'}, {'rating': 5, 'comment': 'Very happy with my purchase!', 'date': '2025-04-30T09:41:02.053Z', 'reviewerName': 'Daniel Cook', 'reviewerEmail': 'daniel.cook@x.dummyjson.com'}, {'rating': 4, 'comment': 'Highly impressed!', 'date': '2025-04-30T09:41:02.053Z', 'reviewerName': 'Addison Wright', 'reviewerEmail': 'addison.wright@x.dummyjson.com'}]",2
Annibale Colombo Bed,1899.99,88,"[{'rating': 2, 'comment': 'Would not recommend!', 'date': '2025-04-30T09:41:02.053Z', 'reviewerName': 'Christopher West', 'reviewerEmail': 'christopher.west@x.dummyjson.com'}, {'rating': 4, 'comment': 'Highly impressed!', 'date': '2025-04-30T09:41:02.053Z', 'reviewerName': 'Vivian Carter', 'reviewerEmail': 'vivian.carter@x.dummyjson.com'}, {'rating': 1, 'comment': 'Poor quality!', 'date': '2025-04-30T09:41:02.053Z', 'reviewerName': 'Mason Wright', 'reviewerEmail': 'mason.wright@x.dummyjson.com'}]",1
Annibale Colombo Sofa,2499.99,60,"[{'rating': 3, 'comment': 'Very unhappy with my purchase!', 'date': '2025-04-30T09:41:02.053Z', 'reviewerName': 'Christian Perez', 'reviewerEmail': 'christian.perez@x.dummyjson.com'}, {'rating': 5, 'comment': 'Fast shipping!', 'date': '2025-04-30T09:41:02.053Z', 'reviewerName': 'Lillian Bishop', 'reviewerEmail': 'lillian.bishop@x.dummyjson.com'}, {'rating': 1, 'comment': 'Poor quality!', 'date': '2025-04-30T09:41:02.053Z', 'reviewerName': 'Lillian Simmons', 'reviewerEmail': 'lillian.simmons@x.dummyjson.com'}]",1
Bedside Table African Cherry,299.99,64,"[{'rating': 4, 'comment': 'Excellent quality!', 'date': '2025-04-30T09:41:02.053Z', 'reviewerName': 'Aaliyah Hanson', 'reviewerEmail': 'aaliyah.hanson@x.dummyjson.com'}, {'rating': 4, 'comment': 'Excellent quality!', 'date': '2025-04-30T09:41:02.053Z', 'reviewerName': 'Liam Smith', 'reviewerEmail': 'liam.smith@x.dummyjson.com'}, {'rating': 4, 'comment': 'Highly recommended!', 'date': '2025-04-30T09:41:02.053Z', 'reviewerName': 'Avery Barnes', 'reviewerEmail': 'avery.barnes@x.dummyjson.com'}]",3
Knoll Saarinen Executive Conference Chair,499.99,26,"[{'rating': 2, 'comment': 'Waste of money!', 'date': '2025-04-30T09:41:02.053Z', 'reviewerName': 'Ella Cook', 'reviewerEmail': 'ella.cook@x.dummyjson.com'}, {'rating': 2, 'comment': 'Very dissatisfied!', 'date': '2025-04-30T09:41:02.053Z', 'reviewerName': 'Clara Berry', 'reviewerEmail': 'clara.berry@x.dummyjson.com'}, {'rating': 5, 'comment': 'Would buy again!', 'date': '2025-04-30T09:41:02.053Z', 'reviewerName': 'Elena Long', 'reviewerEmail': 'elena.long@x.dummyjson.com'}]",5
Wooden Bathroom Sink With Mirror,799.99,7,"[{'rating': 4, 'comment': 'Fast shipping!', 'date': '2025-04-30T09:41:02.053Z', 'reviewerName': 'Logan Torres', 'reviewerEmail': 'logan.torres@x.dummyjson.com'}, {'rating': 5, 'comment': 'Very pleased!', 'date': '2025-04-30T09:41:02.053Z', 'reviewerName': 'Aria Parker', 'reviewerEmail': 'aria.parker@x.dummyjson.com'}, {'rating': 3, 'comment': 'Poor quality!', 'date': '2025-04-30T09:41:02.053Z', 'reviewerName': 'Dylan Wells', 'reviewerEmail': 'dylan.wells@x.dummyjson.com'}]",2
Apple,1.99,8,"[{'rating': 5, 'comment': 'Very satisfied!', 'date': '2025-04-30T09:41:02.053Z', 'reviewerName': 'Sophia Brown', 'reviewerEmail': 'sophia.brown@x.dummyjson.com'}, {'rating': 1, 'comment': 'Very dissatisfied!', 'date': '2025-04-30T09:41:02.053Z', 'reviewerName': 'Scarlett Bowman', 'reviewerEmail': 'scarlett.bowman@x.dummyjson.com'}, {'rating': 3, 'comment': 'Very unhappy with my purchase!', 'date': '2025-04-30T09:41:02.053Z', 'reviewerName': 'William Gonzalez', 'reviewerEmail': 'william.gonzalez@x.dummyjson.com'}]",7
Beef Steak,12.99,86,"[{'rating': 3, 'comment': 'Would not recommend!', 'date': '2025-04-30T09:41:02.053Z', 'reviewerName': 'Eleanor Tyler', 'reviewerEmail': 'eleanor.tyler@x.dummyjson.com'}, {'rating': 4, 'comment': 'Fast shipping!', 'date': '2025-04-30T09:41:02.053Z', 'reviewerName': 'Alexander Jones', 'reviewerEmail': 'alexander.jones@x.dummyjson.com'}, {'rating': 5, 'comment': 'Great value for money!', 'date': '2025-04-30T09:41:02.053Z', 'reviewerName': 'Natalie Harris', 'reviewerEmail': 'natalie.harris@x.dummyjson.com'}]",43
Cat Food,8.99,46,"[{'rating': 3, 'comment': 'Would not recommend!', 'date': '2025-04-30T09:41:02.053Z', 'reviewerName': 'Noah Lewis', 'reviewerEmail': 'noah.lewis@x.dummyjson.com'}, {'rating': 3, 'comment': 'Very unhappy with my purchase!', 'date': '2025-04-30T09:41:02.053Z', 'reviewerName': 'Ruby Andrews', 'reviewerEmail': 'ruby.andrews@x.dummyjson.com'}, {'rating': 2, 'comment': 'Very disappointed!', 'date': '2025-04-30T09:41:02.053Z', 'reviewerName': 'Ethan Thompson', 'reviewerEmail': 'ethan.thompson@x.dummyjson.com'}]",18
Chicken Meat,9.99,97,"[{'rating': 5, 'comment': 'Great product!', 'date': '2025-04-30T09:41:02.053Z', 'reviewerName': 'Mateo Bennett', 'reviewerEmail': 'mateo.bennett@x.dummyjson.com'}, {'rating': 4, 'comment': 'Highly recommended!', 'date': '2025-04-30T09:41:02.053Z', 'reviewerName': 'Jackson Evans', 'reviewerEmail': 'jackson.evans@x.dummyjson.com'}, {'rating': 3, 'comment': 'Not worth the price!', 'date': '2025-04-30T09:41:02.053Z', 'reviewerName': 'Sadie Morales', 'reviewerEmail': 'sadie.morales@x.dummyjson.com'}]",22
Cooking Oil,4.99,10,"[{'rating': 5, 'comment': 'Very happy with my purchase!', 'date': '2025-04-30T09:41:02.053Z', 'reviewerName': 'Victoria McDonald', 'reviewerEmail': 'victoria.mcdonald@x.dummyjson.com'}, {'rating': 2, 'comment': 'Would not recommend!', 'date': '2025-04-30T09:41:02.053Z', 'reviewerName': 'Hazel Evans', 'reviewerEmail': 'hazel.evans@x.dummyjson.com'}, {'rating': 5, 'comment': 'Would buy again!', 'date': '2025-04-30T09:41:02.053Z', 'reviewerName': 'Zoe Bennett', 'reviewerEmail': 'zoe.bennett@x.dummyjson.com'}]",46
Cucumber,1.49,84,"[{'rating': 4, 'comment': 'Great product!', 'date': '2025-04-30T09:41:02.053Z', 'reviewerName': 'Lincoln Kelly', 'reviewerEmail': 'lincoln.kelly@x.dummyjson.com'}, {'rating': 4, 'comment': 'Great value for money!', 'date': '2025-04-30T09:41:02.053Z', 'reviewerName': 'Savannah Gomez', 'reviewerEmail': 'savannah.gomez@x.dummyjson.com'}, {'rating': 2, 'comment': 'Poor quality!', 'date': '2025-04-30T09:41:02.053Z', 'reviewerName': 'James Davis', 'reviewerEmail': 'james.davis@x.dummyjson.com'}]",2
Dog Food,10.99,71,"[{'rating': 5, 'comment': 'Excellent quality!', 'date': '2025-04-30T09:41:02.053Z', 'reviewerName': 'Nicholas Edwards', 'reviewerEmail': 'nicholas.edwards@x.dummyjson.com'}, {'rating': 5, 'comment': 'Awesome product!', 'date': '2025-04-30T09:41:02.053Z', 'reviewerName': 'Zachary Lee', 'reviewerEmail': 'zachary.lee@x.dummyjson.com'}, {'rating': 4, 'comment': 'Great product!', 'date': '2025-04-30T09:41:02.053Z', 'reviewerName': 'Nova Cooper', 'reviewerEmail': 'nova.cooper@x.dummyjson.com'}]",43
Eggs,2.99,9,"[{'rating': 3, 'comment': 'Disappointing product!', 'date': '2025-04-30T09:41:02.053Z', 'reviewerName': 'Penelope King', 'reviewerEmail': 'penelope.king@x.dummyjson.com'}, {'rating': 3, 'comment': 'Poor quality!', 'date': '2025-04-30T09:41:02.053Z', 'reviewerName': 'Eleanor Tyler', 'reviewerEmail': 'eleanor.tyler@x.dummyjson.com'}, {'rating': 4, 'comment': 'Very pleased!', 'date': '2025-04-30T09:41:02.053Z', 'reviewerName': 'Benjamin Foster', 'reviewerEmail': 'benjamin.foster@x.dummyjson.com'}]",32
Fish Steak,14.99,74,"[{'rating': 2, 'comment': 'Would not buy again!', 'date': '2025-04-30T09:41:02.053Z', 'reviewerName': 'Caleb Perkins', 'reviewerEmail': 'caleb.perkins@x.dummyjson.com'}, {'rating': 5, 'comment': 'Excellent quality!', 'date': '2025-04-30T09:41:02.053Z', 'reviewerName': 'Isabella Jackson', 'reviewerEmail': 'isabella.jackson@x.dummyjson.com'}, {'rating': 4, 'comment': 'Great value for money!', 'date': '2025-04-30T09:41:02.053Z', 'reviewerName': 'Nathan Dixon', 'reviewerEmail': 'nathan.dixon@x.dummyjson.com'}]",50
Green Bell Pepper,1.29,33,"[{'rating': 4, 'comment': 'Highly recommended!', 'date': '2025-04-30T09:41:02.053Z', 'reviewerName': 'Avery Carter', 'reviewerEmail': 'avery.carter@x.dummyjson.com'}, {'rating': 3, 'comment': 'Would not recommend!', 'date': '2025-04-30T09:41:02.053Z', 'reviewerName': 'Henry Hill', 'reviewerEmail': 'henry.hill@x.dummyjson.com'}, {'rating': 5, 'comment': 'Excellent quality!', 'date': '2025-04-30T09:41:02.053Z', 'reviewerName': 'Addison Wright', 'reviewerEmail': 'addison.wright@x.dummyjson.com'}]",12
Green Chili Pepper,0.99,3,"[{'rating': 4, 'comment': 'Great product!', 'date': '2025-04-30T09:41:02.053Z', 'reviewerName': 'Luna Russell', 'reviewerEmail': 'luna.russell@x.dummyjson.com'}, {'rating': 1, 'comment': 'Waste of money!', 'date': '2025-04-30T09:41:02.053Z', 'reviewerName': 'Noah Lewis', 'reviewerEmail': 'noah.lewis@x.dummyjson.com'}, {'rating': 3, 'comment': 'Very disappointed!', 'date': '2025-04-30T09:41:02.053Z', 'reviewerName': 'Clara Berry', 'reviewerEmail': 'clara.berry@x.dummyjson.com'}]",39
Honey Jar,6.99,34,"[{'rating': 1, 'comment': 'Very disappointed!', 'date': '2025-04-30T09:41:02.053Z', 'reviewerName': 'Autumn Gomez', 'reviewerEmail': 'autumn.gomez@x.dummyjson.com'}, {'rating': 4, 'comment': 'Highly impressed!', 'date': '2025-04-30T09:41:02.053Z', 'reviewerName': 'Benjamin Wilson', 'reviewerEmail': 'benjamin.wilson@x.dummyjson.com'}, {'rating': 2, 'comment': 'Very disappointed!', 'date': '2025-04-30T09:41:02.053Z', 'reviewerName': 'Nicholas Edwards', 'reviewerEmail': 'nicholas.edwards@x.dummyjson.com'}]",47
Ice Cream,5.49,27,"[{'rating': 5, 'comment': 'Very pleased!', 'date': '2025-04-30T09:41:02.053Z', 'reviewerName': 'Elijah Cruz', 'reviewerEmail': 'elijah.cruz@x.dummyjson.com'}, {'rating': 4, 'comment': 'Excellent quality!', 'date': '2025-04-30T09:41:02.053Z', 'reviewerName': 'Jace Smith', 'reviewerEmail': 'jace.smith@x.dummyjson.com'}, {'rating': 5, 'comment': 'Highly impressed!', 'date': '2025-04-30T09:41:02.053Z', 'reviewerName': 'Sadie Morales', 'reviewerEmail': 'sadie.morales@x.dummyjson.com'}]",42
Juice,3.99,50,"[{'rating': 5, 'comment': 'Excellent quality!', 'date': '2025-04-30T09:41:02.053Z', 'reviewerName': 'Nolan Gonzalez', 'reviewerEmail': 'nolan.gonzalez@x.dummyjson.com'}, {'rating': 4, 'comment': 'Would buy again!', 'date': '2025-04-30T09:41:02.053Z', 'reviewerName': 'Bella Grant', 'reviewerEmail': 'bella.grant@x.dummyjson.com'}, {'rating': 5, 'comment': 'Awesome product!', 'date': '2025-04-30T09:41:02.053Z', 'reviewerName': 'Aria Flores', 'reviewerEmail': 'aria.flores@x.dummyjson.com'}]",25
Kiwi,2.49,99,"[{'rating': 4, 'comment': 'Highly recommended!', 'date': '2025-04-30T09:41:02.053Z', 'reviewerName': 'Emily Brown', 'reviewerEmail': 'emily.brown@x.dummyjson.com'}, {'rating': 2, 'comment': 'Would not buy again!', 'date': '2025-04-30T09:41:02.053Z', 'reviewerName': 'Jackson Morales', 'reviewerEmail': 'jackson.morales@x.dummyjson.com'}, {'rating': 4, 'comment': 'Fast shipping!', 'date': '2025-04-30T09:41:02.053Z', 'reviewerName': 'Nora Russell', 'reviewerEmail': 'nora.russell@x.dummyjson.com'}]",30